1	1	BIG PARTY	concert	rock	05/08/2016 - 12:26	05/08/2016 - 12:26	Petite description	Lorem ipsum dolor sit amet, consectetur adipiscing elit. Nulla faucibus augue at orci volutpat, eu aliquet justo vulputate. Ut pulvinar diam sit amet massa pharetra, sit amet lacinia ex eleifend. Aenean elit metus, molestie vehicula lorem et, elementum posuere diam. Interdum et malesuada fames ac ante ipsum primis in faucibus. Quisque fringilla eget augue eget pretium. Mauris maximus elementum sem, vitae ultricies nisi. Nam arcu nisl, venenatis vel elementum interdum, euismod ac mauris. Lorem ipsum dolor sit amet, consectetur adipiscing elit. Fusce vel eros id justo tincidunt tempus. Vivamus porttitor elit vitae ipsum eleifend efficitur. Sed pharetra, ante non vehicula vulputate, nibh augue malesuada elit, eget rhoncus odio est ac risus. Nulla facilisis, mauris ut scelerisque aliquet, urna dolor volutpat dolor, eu dictum purus dolor ut dolor. Quisque sit amet consectetur massa. In malesuada ligula sit amet iaculis porta.	0	1
2	2	BIG TOURNEE	concert	hip-hop	05/08/2016 - 12:26	05/08/2016 - 12:26	Petite description	Lorem ipsum dolor sit amet, consectetur adipiscing elit. Nulla faucibus augue at orci volutpat, eu aliquet justo vulputate. Ut pulvinar diam sit amet massa pharetra, sit amet lacinia ex eleifend. Aenean elit metus, molestie vehicula lorem et, elementum posuere diam. Interdum et malesuada fames ac ante ipsum primis in faucibus. Quisque fringilla eget augue eget pretium. Mauris maximus elementum sem, vitae ultricies nisi. Nam arcu nisl, venenatis vel elementum interdum, euismod ac mauris. Lorem ipsum dolor sit amet, consectetur adipiscing elit. Fusce vel eros id justo tincidunt tempus. Vivamus porttitor elit vitae ipsum eleifend efficitur. Sed pharetra, ante non vehicula vulputate, nibh augue malesuada elit, eget rhoncus odio est ac risus. Nulla facilisis, mauris ut scelerisque aliquet, urna dolor volutpat dolor, eu dictum purus dolor ut dolor. Quisque sit amet consectetur massa. In malesuada ligula sit amet iaculis porta.	10	0
3	5	BIG BAND in TOWN !	concert	electro	05/08/2016 - 12:26	05/08/2016 - 12:26	Petite description	Lorem ipsum dolor sit amet, consectetur adipiscing elit. Nulla faucibus augue at orci volutpat, eu aliquet justo vulputate. Ut pulvinar diam sit amet massa pharetra, sit amet lacinia ex eleifend. Aenean elit metus, molestie vehicula lorem et, elementum posuere diam. Interdum et malesuada fames ac ante ipsum primis in faucibus. Quisque fringilla eget augue eget pretium. Mauris maximus elementum sem, vitae ultricies nisi. Nam arcu nisl, venenatis vel elementum interdum, euismod ac mauris. Lorem ipsum dolor sit amet, consectetur adipiscing elit. Fusce vel eros id justo tincidunt tempus. Vivamus porttitor elit vitae ipsum eleifend efficitur. Sed pharetra, ante non vehicula vulputate, nibh augue malesuada elit, eget rhoncus odio est ac risus. Nulla facilisis, mauris ut scelerisque aliquet, urna dolor volutpat dolor, eu dictum purus dolor ut dolor. Quisque sit amet consectetur massa. In malesuada ligula sit amet iaculis porta.	5	0
4	4	Les délices de la vie	theatre	comedie	05/08/2016 - 12:26	05/08/2016 - 12:26	Petite description	Lorem ipsum dolor sit amet, consectetur adipiscing elit. Nulla faucibus augue at orci volutpat, eu aliquet justo vulputate. Ut pulvinar diam sit amet massa pharetra, sit amet lacinia ex eleifend. Aenean elit metus, molestie vehicula lorem et, elementum posuere diam. Interdum et malesuada fames ac ante ipsum primis in faucibus. Quisque fringilla eget augue eget pretium. Mauris maximus elementum sem, vitae ultricies nisi. Nam arcu nisl, venenatis vel elementum interdum, euismod ac mauris. Lorem ipsum dolor sit amet, consectetur adipiscing elit. Fusce vel eros id justo tincidunt tempus. Vivamus porttitor elit vitae ipsum eleifend efficitur. Sed pharetra, ante non vehicula vulputate, nibh augue malesuada elit, eget rhoncus odio est ac risus. Nulla facilisis, mauris ut scelerisque aliquet, urna dolor volutpat dolor, eu dictum purus dolor ut dolor. Quisque sit amet consectetur massa. In malesuada ligula sit amet iaculis porta.	10	0
5	8	AstroyDestroy	expo	street-art	06/08/2016 - 12:26	05/08/2016 - 12:26	Petite description	Lorem ipsum dolor sit amet, consectetur adipiscing elit. Nulla faucibus augue at orci volutpat, eu aliquet justo vulputate. Ut pulvinar diam sit amet massa pharetra, sit amet lacinia ex eleifend. Aenean elit metus, molestie vehicula lorem et, elementum posuere diam. Interdum et malesuada fames ac ante ipsum primis in faucibus. Quisque fringilla eget augue eget pretium. Mauris maximus elementum sem, vitae ultricies nisi. Nam arcu nisl, venenatis vel elementum interdum, euismod ac mauris. Lorem ipsum dolor sit amet, consectetur adipiscing elit. Fusce vel eros id justo tincidunt tempus. Vivamus porttitor elit vitae ipsum eleifend efficitur. Sed pharetra, ante non vehicula vulputate, nibh augue malesuada elit, eget rhoncus odio est ac risus. Nulla facilisis, mauris ut scelerisque aliquet, urna dolor volutpat dolor, eu dictum purus dolor ut dolor. Quisque sit amet consectetur massa. In malesuada ligula sit amet iaculis porta.	7	0
6	7	BIG little event	concert	funk	06/08/2016 - 12:26	05/08/2016 - 12:26	Petite description	Lorem ipsum dolor sit amet, consectetur adipiscing elit. Nulla faucibus augue at orci volutpat, eu aliquet justo vulputate. Ut pulvinar diam sit amet massa pharetra, sit amet lacinia ex eleifend. Aenean elit metus, molestie vehicula lorem et, elementum posuere diam. Interdum et malesuada fames ac ante ipsum primis in faucibus. Quisque fringilla eget augue eget pretium. Mauris maximus elementum sem, vitae ultricies nisi. Nam arcu nisl, venenatis vel elementum interdum, euismod ac mauris. Lorem ipsum dolor sit amet, consectetur adipiscing elit. Fusce vel eros id justo tincidunt tempus. Vivamus porttitor elit vitae ipsum eleifend efficitur. Sed pharetra, ante non vehicula vulputate, nibh augue malesuada elit, eget rhoncus odio est ac risus. Nulla facilisis, mauris ut scelerisque aliquet, urna dolor volutpat dolor, eu dictum purus dolor ut dolor. Quisque sit amet consectetur massa. In malesuada ligula sit amet iaculis porta.	0	0
7	1	Once again before	concert	brazil	06/08/2016 - 12:26	05/08/2016 - 12:26	Petite description	Lorem ipsum dolor sit amet, consectetur adipiscing elit. Nulla faucibus augue at orci volutpat, eu aliquet justo vulputate. Ut pulvinar diam sit amet massa pharetra, sit amet lacinia ex eleifend. Aenean elit metus, molestie vehicula lorem et, elementum posuere diam. Interdum et malesuada fames ac ante ipsum primis in faucibus. Quisque fringilla eget augue eget pretium. Mauris maximus elementum sem, vitae ultricies nisi. Nam arcu nisl, venenatis vel elementum interdum, euismod ac mauris. Lorem ipsum dolor sit amet, consectetur adipiscing elit. Fusce vel eros id justo tincidunt tempus. Vivamus porttitor elit vitae ipsum eleifend efficitur. Sed pharetra, ante non vehicula vulputate, nibh augue malesuada elit, eget rhoncus odio est ac risus. Nulla facilisis, mauris ut scelerisque aliquet, urna dolor volutpat dolor, eu dictum purus dolor ut dolor. Quisque sit amet consectetur massa. In malesuada ligula sit amet iaculis porta.	0	0
8	2	Turtle under water	concert	blues	06/08/2016 - 12:26	05/08/2016 - 12:26	Petite description	Lorem ipsum dolor sit amet, consectetur adipiscing elit. Nulla faucibus augue at orci volutpat, eu aliquet justo vulputate. Ut pulvinar diam sit amet massa pharetra, sit amet lacinia ex eleifend. Aenean elit metus, molestie vehicula lorem et, elementum posuere diam. Interdum et malesuada fames ac ante ipsum primis in faucibus. Quisque fringilla eget augue eget pretium. Mauris maximus elementum sem, vitae ultricies nisi. Nam arcu nisl, venenatis vel elementum interdum, euismod ac mauris. Lorem ipsum dolor sit amet, consectetur adipiscing elit. Fusce vel eros id justo tincidunt tempus. Vivamus porttitor elit vitae ipsum eleifend efficitur. Sed pharetra, ante non vehicula vulputate, nibh augue malesuada elit, eget rhoncus odio est ac risus. Nulla facilisis, mauris ut scelerisque aliquet, urna dolor volutpat dolor, eu dictum purus dolor ut dolor. Quisque sit amet consectetur massa. In malesuada ligula sit amet iaculis porta.	5	1
9	5	Ca Soulage !	expo	sculture	06/08/2016 - 12:26	05/08/2016 - 12:26	Petite description	Lorem ipsum dolor sit amet, consectetur adipiscing elit. Nulla faucibus augue at orci volutpat, eu aliquet justo vulputate. Ut pulvinar diam sit amet massa pharetra, sit amet lacinia ex eleifend. Aenean elit metus, molestie vehicula lorem et, elementum posuere diam. Interdum et malesuada fames ac ante ipsum primis in faucibus. Quisque fringilla eget augue eget pretium. Mauris maximus elementum sem, vitae ultricies nisi. Nam arcu nisl, venenatis vel elementum interdum, euismod ac mauris. Lorem ipsum dolor sit amet, consectetur adipiscing elit. Fusce vel eros id justo tincidunt tempus. Vivamus porttitor elit vitae ipsum eleifend efficitur. Sed pharetra, ante non vehicula vulputate, nibh augue malesuada elit, eget rhoncus odio est ac risus. Nulla facilisis, mauris ut scelerisque aliquet, urna dolor volutpat dolor, eu dictum purus dolor ut dolor. Quisque sit amet consectetur massa. In malesuada ligula sit amet iaculis porta.	3	0
10	7	Affrodite equation	concert	jazz	06/08/2016 - 12:26	05/08/2016 - 12:26	Petite description	Lorem ipsum dolor sit amet, consectetur adipiscing elit. Nulla faucibus augue at orci volutpat, eu aliquet justo vulputate. Ut pulvinar diam sit amet massa pharetra, sit amet lacinia ex eleifend. Aenean elit metus, molestie vehicula lorem et, elementum posuere diam. Interdum et malesuada fames ac ante ipsum primis in faucibus. Quisque fringilla eget augue eget pretium. Mauris maximus elementum sem, vitae ultricies nisi. Nam arcu nisl, venenatis vel elementum interdum, euismod ac mauris. Lorem ipsum dolor sit amet, consectetur adipiscing elit. Fusce vel eros id justo tincidunt tempus. Vivamus porttitor elit vitae ipsum eleifend efficitur. Sed pharetra, ante non vehicula vulputate, nibh augue malesuada elit, eget rhoncus odio est ac risus. Nulla facilisis, mauris ut scelerisque aliquet, urna dolor volutpat dolor, eu dictum purus dolor ut dolor. Quisque sit amet consectetur massa. In malesuada ligula sit amet iaculis porta.	3	1
11	4	Reviens catcher ta mère en string léopard	theatre	impro	07/08/2016 - 12:26	05/08/2016 - 12:26	Petite description	Lorem ipsum dolor sit amet, consectetur adipiscing elit. Nulla faucibus augue at orci volutpat, eu aliquet justo vulputate. Ut pulvinar diam sit amet massa pharetra, sit amet lacinia ex eleifend. Aenean elit metus, molestie vehicula lorem et, elementum posuere diam. Interdum et malesuada fames ac ante ipsum primis in faucibus. Quisque fringilla eget augue eget pretium. Mauris maximus elementum sem, vitae ultricies nisi. Nam arcu nisl, venenatis vel elementum interdum, euismod ac mauris. Lorem ipsum dolor sit amet, consectetur adipiscing elit. Fusce vel eros id justo tincidunt tempus. Vivamus porttitor elit vitae ipsum eleifend efficitur. Sed pharetra, ante non vehicula vulputate, nibh augue malesuada elit, eget rhoncus odio est ac risus. Nulla facilisis, mauris ut scelerisque aliquet, urna dolor volutpat dolor, eu dictum purus dolor ut dolor. Quisque sit amet consectetur massa. In malesuada ligula sit amet iaculis porta.	0	1
12	3	Fuzzy Sound	concert	rock	07/08/2016 - 12:26	05/08/2016 - 12:26	Petite description	Lorem ipsum dolor sit amet, consectetur adipiscing elit. Nulla faucibus augue at orci volutpat, eu aliquet justo vulputate. Ut pulvinar diam sit amet massa pharetra, sit amet lacinia ex eleifend. Aenean elit metus, molestie vehicula lorem et, elementum posuere diam. Interdum et malesuada fames ac ante ipsum primis in faucibus. Quisque fringilla eget augue eget pretium. Mauris maximus elementum sem, vitae ultricies nisi. Nam arcu nisl, venenatis vel elementum interdum, euismod ac mauris. Lorem ipsum dolor sit amet, consectetur adipiscing elit. Fusce vel eros id justo tincidunt tempus. Vivamus porttitor elit vitae ipsum eleifend efficitur. Sed pharetra, ante non vehicula vulputate, nibh augue malesuada elit, eget rhoncus odio est ac risus. Nulla facilisis, mauris ut scelerisque aliquet, urna dolor volutpat dolor, eu dictum purus dolor ut dolor. Quisque sit amet consectetur massa. In malesuada ligula sit amet iaculis porta.	10	0
13	6	BIG GUI	concert	electro	07/08/2016 - 12:26	05/08/2016 - 12:26	Petite description	Lorem ipsum dolor sit amet, consectetur adipiscing elit. Nulla faucibus augue at orci volutpat, eu aliquet justo vulputate. Ut pulvinar diam sit amet massa pharetra, sit amet lacinia ex eleifend. Aenean elit metus, molestie vehicula lorem et, elementum posuere diam. Interdum et malesuada fames ac ante ipsum primis in faucibus. Quisque fringilla eget augue eget pretium. Mauris maximus elementum sem, vitae ultricies nisi. Nam arcu nisl, venenatis vel elementum interdum, euismod ac mauris. Lorem ipsum dolor sit amet, consectetur adipiscing elit. Fusce vel eros id justo tincidunt tempus. Vivamus porttitor elit vitae ipsum eleifend efficitur. Sed pharetra, ante non vehicula vulputate, nibh augue malesuada elit, eget rhoncus odio est ac risus. Nulla facilisis, mauris ut scelerisque aliquet, urna dolor volutpat dolor, eu dictum purus dolor ut dolor. Quisque sit amet consectetur massa. In malesuada ligula sit amet iaculis porta.	20	0
14	1	Splatsch	expo	peinture	07/08/2016 - 12:26	05/08/2016 - 12:26	Petite description	Lorem ipsum dolor sit amet, consectetur adipiscing elit. Nulla faucibus augue at orci volutpat, eu aliquet justo vulputate. Ut pulvinar diam sit amet massa pharetra, sit amet lacinia ex eleifend. Aenean elit metus, molestie vehicula lorem et, elementum posuere diam. Interdum et malesuada fames ac ante ipsum primis in faucibus. Quisque fringilla eget augue eget pretium. Mauris maximus elementum sem, vitae ultricies nisi. Nam arcu nisl, venenatis vel elementum interdum, euismod ac mauris. Lorem ipsum dolor sit amet, consectetur adipiscing elit. Fusce vel eros id justo tincidunt tempus. Vivamus porttitor elit vitae ipsum eleifend efficitur. Sed pharetra, ante non vehicula vulputate, nibh augue malesuada elit, eget rhoncus odio est ac risus. Nulla facilisis, mauris ut scelerisque aliquet, urna dolor volutpat dolor, eu dictum purus dolor ut dolor. Quisque sit amet consectetur massa. In malesuada ligula sit amet iaculis porta.	0	1
15	7	La fiesta de la luna	concert	flamenco	07/08/2016 - 12:26	05/08/2016 - 12:26	Petite description	Lorem ipsum dolor sit amet, consectetur adipiscing elit. Nulla faucibus augue at orci volutpat, eu aliquet justo vulputate. Ut pulvinar diam sit amet massa pharetra, sit amet lacinia ex eleifend. Aenean elit metus, molestie vehicula lorem et, elementum posuere diam. Interdum et malesuada fames ac ante ipsum primis in faucibus. Quisque fringilla eget augue eget pretium. Mauris maximus elementum sem, vitae ultricies nisi. Nam arcu nisl, venenatis vel elementum interdum, euismod ac mauris. Lorem ipsum dolor sit amet, consectetur adipiscing elit. Fusce vel eros id justo tincidunt tempus. Vivamus porttitor elit vitae ipsum eleifend efficitur. Sed pharetra, ante non vehicula vulputate, nibh augue malesuada elit, eget rhoncus odio est ac risus. Nulla facilisis, mauris ut scelerisque aliquet, urna dolor volutpat dolor, eu dictum purus dolor ut dolor. Quisque sit amet consectetur massa. In malesuada ligula sit amet iaculis porta.	15	0
16	8	Une place pour deux	theatre	comedie	08/08/2016 - 12:26	05/08/2016 - 12:26	Petite description	Lorem ipsum dolor sit amet, consectetur adipiscing elit. Nulla faucibus augue at orci volutpat, eu aliquet justo vulputate. Ut pulvinar diam sit amet massa pharetra, sit amet lacinia ex eleifend. Aenean elit metus, molestie vehicula lorem et, elementum posuere diam. Interdum et malesuada fames ac ante ipsum primis in faucibus. Quisque fringilla eget augue eget pretium. Mauris maximus elementum sem, vitae ultricies nisi. Nam arcu nisl, venenatis vel elementum interdum, euismod ac mauris. Lorem ipsum dolor sit amet, consectetur adipiscing elit. Fusce vel eros id justo tincidunt tempus. Vivamus porttitor elit vitae ipsum eleifend efficitur. Sed pharetra, ante non vehicula vulputate, nibh augue malesuada elit, eget rhoncus odio est ac risus. Nulla facilisis, mauris ut scelerisque aliquet, urna dolor volutpat dolor, eu dictum purus dolor ut dolor. Quisque sit amet consectetur massa. In malesuada ligula sit amet iaculis porta.	18	0
17	4	La ronde éternelle	concert	punk	08/08/2016 - 12:26	05/08/2016 - 12:26	Petite description	Lorem ipsum dolor sit amet, consectetur adipiscing elit. Nulla faucibus augue at orci volutpat, eu aliquet justo vulputate. Ut pulvinar diam sit amet massa pharetra, sit amet lacinia ex eleifend. Aenean elit metus, molestie vehicula lorem et, elementum posuere diam. Interdum et malesuada fames ac ante ipsum primis in faucibus. Quisque fringilla eget augue eget pretium. Mauris maximus elementum sem, vitae ultricies nisi. Nam arcu nisl, venenatis vel elementum interdum, euismod ac mauris. Lorem ipsum dolor sit amet, consectetur adipiscing elit. Fusce vel eros id justo tincidunt tempus. Vivamus porttitor elit vitae ipsum eleifend efficitur. Sed pharetra, ante non vehicula vulputate, nibh augue malesuada elit, eget rhoncus odio est ac risus. Nulla facilisis, mauris ut scelerisque aliquet, urna dolor volutpat dolor, eu dictum purus dolor ut dolor. Quisque sit amet consectetur massa. In malesuada ligula sit amet iaculis porta.	5	0
18	3	Dans ta raie Raymond !	concert	punk	08/08/2016 - 12:26	05/08/2016 - 12:26	Petite description	Lorem ipsum dolor sit amet, consectetur adipiscing elit. Nulla faucibus augue at orci volutpat, eu aliquet justo vulputate. Ut pulvinar diam sit amet massa pharetra, sit amet lacinia ex eleifend. Aenean elit metus, molestie vehicula lorem et, elementum posuere diam. Interdum et malesuada fames ac ante ipsum primis in faucibus. Quisque fringilla eget augue eget pretium. Mauris maximus elementum sem, vitae ultricies nisi. Nam arcu nisl, venenatis vel elementum interdum, euismod ac mauris. Lorem ipsum dolor sit amet, consectetur adipiscing elit. Fusce vel eros id justo tincidunt tempus. Vivamus porttitor elit vitae ipsum eleifend efficitur. Sed pharetra, ante non vehicula vulputate, nibh augue malesuada elit, eget rhoncus odio est ac risus. Nulla facilisis, mauris ut scelerisque aliquet, urna dolor volutpat dolor, eu dictum purus dolor ut dolor. Quisque sit amet consectetur massa. In malesuada ligula sit amet iaculis porta.	0	0
19	5	Chico	expo	street-art	08/08/2016 - 12:26	05/08/2016 - 12:26	Petite description	Lorem ipsum dolor sit amet, consectetur adipiscing elit. Nulla faucibus augue at orci volutpat, eu aliquet justo vulputate. Ut pulvinar diam sit amet massa pharetra, sit amet lacinia ex eleifend. Aenean elit metus, molestie vehicula lorem et, elementum posuere diam. Interdum et malesuada fames ac ante ipsum primis in faucibus. Quisque fringilla eget augue eget pretium. Mauris maximus elementum sem, vitae ultricies nisi. Nam arcu nisl, venenatis vel elementum interdum, euismod ac mauris. Lorem ipsum dolor sit amet, consectetur adipiscing elit. Fusce vel eros id justo tincidunt tempus. Vivamus porttitor elit vitae ipsum eleifend efficitur. Sed pharetra, ante non vehicula vulputate, nibh augue malesuada elit, eget rhoncus odio est ac risus. Nulla facilisis, mauris ut scelerisque aliquet, urna dolor volutpat dolor, eu dictum purus dolor ut dolor. Quisque sit amet consectetur massa. In malesuada ligula sit amet iaculis porta.	0	0
